start_date	end_date_exclusive	governing_party	government_label	government_type	prime_minister_at_start	source_summary	source_url	notes
1945-07-26	1951-10-26	labour	Labour government	single_party	Clement Attlee	The National Archives Cabinet Papers search result for Clement Attlee lists a Labour government from 26 July 1945 to 26 October 1951.	https://www.nationalarchives.gov.uk/search/results?_q=Clement+Attlee	Used as the first post-war Labour period in the chart background.
1951-10-26	1964-10-16	conservative	Conservative government	single_party	Winston Churchill	The National Archives Cabinet Papers search result for Winston Churchill lists a Conservative government from 26 October 1951; the next party change is Harold Wilson taking office on 16 October 1964.	https://www.nationalarchives.gov.uk/search/results/?_q=1951 | https://www.nationalarchives.gov.uk/search/results?_q=Wilson	Covers Churchill, Eden, Macmillan, and Douglas-Home.
1964-10-16	1970-06-19	labour	Labour government	single_party	Harold Wilson	The National Archives Cabinet Papers search results list Harold Wilson 1964 as a Labour government from 16 October 1964 and Edward Heath 1970 as beginning on 19 June 1970.	https://www.nationalarchives.gov.uk/search/results?_q=Wilson | https://discovery.nationalarchives.gov.uk/details/r/C10917658	Single-party Labour administration.
1970-06-19	1974-03-04	conservative	Conservative government	single_party	Edward Heath	The National Archives identifies Edward Heath from 19 June 1970, and Cabinet Papers search results list Harold Wilson 1974 as beginning on 4 March 1974.	https://discovery.nationalarchives.gov.uk/details/r/C10917658 | https://www.nationalarchives.gov.uk/search/results?_q=Wilson	Single-party Conservative administration.
1974-03-04	1979-05-04	labour	Labour government	single_party	Harold Wilson	The National Archives Cabinet Papers search result for Harold Wilson 1974 lists a Labour government from 4 March 1974 to 4 May 1979.	https://www.nationalarchives.gov.uk/search/results?_q=Wilson	Includes the Callaghan succession without a party change.
1979-05-04	1997-05-02	conservative	Conservative government	single_party	Margaret Thatcher	The National Archives Cabinet Papers search result for Margaret Thatcher 1979 lists a Conservative government from 4 May 1979 to 28 November 1990, and Tony Blair's GOV.UK page states he became Prime Minister on 2 May 1997.	https://www.nationalarchives.gov.uk/search/results/1?_q=Thatcher | https://www.gov.uk/government/history/past-prime-ministers/tony-blair	Covers Thatcher and Major.
1997-05-02	2010-05-11	labour	Labour government	single_party	Tony Blair	Tony Blair's GOV.UK page states he became Prime Minister on 2 May 1997, and David Cameron's GOV.UK page states he became Prime Minister on 11 May 2010.	https://www.gov.uk/government/history/past-prime-ministers/tony-blair | https://www.gov.uk/government/history/past-prime-ministers/david-cameron	Covers Blair and Brown.
2010-05-11	2015-05-07	conservative	Conservative-led coalition	coalition	David Cameron	David Cameron's GOV.UK page states he became Prime Minister on 11 May 2010, and the Cabinet Office records selection policy describes 2010 to 2015 as a Conservative and Liberal Democrat coalition.	https://www.gov.uk/government/history/past-prime-ministers/david-cameron | https://www.gov.uk/government/publications/cabinet-office-records-selection-policy/cabinet-office-records-selection-policy-html	Shown with Conservative shading because the Prime Minister was Conservative.
2015-05-07	2024-07-05	conservative	Conservative government	single_party	David Cameron	The Cabinet Office records selection policy states that on 7 May 2015 David Cameron formed a Conservative government, and GOV.UK states Keir Starmer became Prime Minister on 5 July 2024.	https://www.gov.uk/government/publications/cabinet-office-records-selection-policy/cabinet-office-records-selection-policy-html | https://www.gov.uk/government/ministers/prime-minister	Covers Cameron, May, Johnson, Truss, and Sunak.
2024-07-05		labour	Labour government	single_party	Keir Starmer	GOV.UK states that Keir Starmer became Prime Minister on 5 July 2024.	https://www.gov.uk/government/ministers/prime-minister	Current Labour period; open-ended end date.
