local_path,detected_format,party_slug,party_name,year,variant,title,source_url,archive_url,proxy_url,source_type,mp_party_code,mp_date,mp_title,source_domain,is_official_source,backup_url,source_quality
manifestos/alliance/alliance-2024.pdf,pdf,alliance,Alliance Party of Northern Ireland,2024,,Alliance Party Westminster manifesto 2024. Alliance leading change for everyone,https://assets.nationbuilder.com/allianceparty/pages/11234/attachments/original/1718832706/2024WestminsterManifesto.pdf,,,direct_download,51430,202407,Alliance Party Westminster manifesto 2024. Alliance leading change for everyone,assets.nationbuilder.com,yes,,official
manifestos/conservative/conservative-1997.txt,txt,conservative,Conservative Party,1997,,You can only be sure with the Conservatives,http://www.conservativemanifesto.com/1997/1997-conservative-manifesto.shtml,,https://r.jina.ai/http://www.conservativemanifesto.com/1997/1997-conservative-manifesto.shtml,proxy_text,51620,199705,You can only be sure with the Conservatives,www.conservativemanifesto.com,yes,,official
manifestos/labour/labour-1997.txt,txt,labour,Labour Party,1997,,New Labour. Because Britain Deserves Better,http://www.labourmanifesto.com/1997/1997-labour-manifesto.shtml,,https://r.jina.ai/http://www.labourmanifesto.com/1997/1997-labour-manifesto.shtml,proxy_text,51320,199705,New Labour. Because Britain Deserves Better,www.labourmanifesto.com,yes,,official
manifestos/labour/labour-2001.txt,txt,labour,Labour Party,2001,,Ambitions for Britain,http://www.labourmanifesto.com/2001/2001-labour-manifesto.shtml,,https://r.jina.ai/http://www.labourmanifesto.com/2001/2001-labour-manifesto.shtml,proxy_text,51320,200106,Ambitions for Britain,www.labourmanifesto.com,yes,,official
manifestos/libdem/libdem-1997.txt,txt,libdem,Liberal Democrats,1997,,Make the Difference,http://www.libdemmanifesto.com/1997/1997-liberal-manifesto.shtml,,https://r.jina.ai/http://www.libdemmanifesto.com/1997/1997-liberal-manifesto.shtml,proxy_text,51421,199705,Make the Difference,www.libdemmanifesto.com,yes,,official
manifestos/libdem/libdem-2001.txt,txt,libdem,Liberal Democrats,2001,,"Freedom, justice, honesty",http://www.libdemmanifesto.com/2001/2001-liberal-manifesto.shtml,,https://r.jina.ai/http://www.libdemmanifesto.com/2001/2001-liberal-manifesto.shtml,proxy_text,51421,200106,"Freedom, justice, honesty",www.libdemmanifesto.com,yes,,official
manifestos/brexit/brexit-2019.pdf,pdf,brexit,Brexit Party,2019,,The Brexit Party manifesto 2019,https://lexically.net/downloads/elections/2019/Brexit%202019.pdf,,,direct_download,,,,lexically.net,no,,mirror
manifestos/conservative/conservative-2001.pdf,pdf,conservative,Conservative Party,2001,,Time for common sense,http://www.politicsresources.net/area/uk/e01/man/con/manifesto_uk.pdf,https://web.archive.org/web/20120523230701/http://www.politicsresources.net/area/uk/e01/man/con/manifesto_uk.pdf,,archive_copy,51620,200106,Time for common sense,www.politicsresources.net,no,,archive
manifestos/conservative/conservative-2005.pdf,pdf,conservative,Conservative Party,2005,,Are you thinking what we’re thinking? It’s time for action. The Conservative Party manifesto,http://www.politicsresources.net/area/uk/ge05/man/manifesto-uk-2005.pdf,https://web.archive.org/web/20150324210303/http://www.politicsresources.net/area/uk/ge05/man/manifesto-uk-2005.pdf,,archive_copy,51620,200505,Are you thinking what we’re thinking? It’s time for action. The Conservative Party manifesto,www.politicsresources.net,no,,archive
manifestos/conservative/conservative-2010.pdf,pdf,conservative,Conservative Party,2010,,Invitation to join the government of Britain,,,,preexisting_or_unknown,51620,201005,Invitation to join the government of Britain,,no,,unknown
manifestos/conservative/conservative-2015.pdf,pdf,conservative,Conservative Party,2015,,"Strong leadership. A clear economic plan. A brighter, more secure future. The Conservative Party manifesto 2015",https://lexically.net/downloads/elections/2015_election/ConservativeManifesto2015.pdf,,,direct_download,51620,201505,"Strong leadership. A clear economic plan. A brighter, more secure future. The Conservative Party manifesto 2015",lexically.net,no,,mirror
manifestos/conservative/conservative-2017.pdf,pdf,conservative,Conservative Party,2017,,"Forward, together. Our plan for a stronger Britain and a prosperous future. The Conservative and Unionist Party manifesto 2017",https://lexically.net/downloads/elections/2017_election/ToryManifesto2017.pdf,,,direct_download,51620,201706,"Forward, together. Our plan for a stronger Britain and a prosperous future. The Conservative and Unionist Party manifesto 2017",lexically.net,no,,mirror
manifestos/conservative/conservative-2019.pdf,pdf,conservative,Conservative Party,2019,,Get Brexit done. Unleash Britain's potential,https://lexically.net/downloads/elections/2019/Conservatives%202019.pdf,,,direct_download,51620,201912,Get Brexit done. Unleash Britain's potential,lexically.net,no,,mirror
manifestos/conservative/conservative-2024.pdf,pdf,conservative,Conservative Party,2024,,The Conservative and Unionist Party manifesto 2024. Clear plan. Bold action. Secure future,https://public.conservatives.com/publicweb/GE2024/Accessible-Manifesto/Large-Print-Conservative-Manifesto.pdf,,,direct_download,51620,202407,The Conservative and Unionist Party manifesto 2024. Clear plan. Bold action. Secure future,public.conservatives.com,yes,https://lexically.net/downloads/elections/2024/Conservative-Manifesto-GE2024.pdf,official
manifestos/green/green-2015.pdf,pdf,green,Green Party of England and Wales,2015,,For the common good. General election manifesto 2015,https://commondecency.org.uk/assets/files/manifesto/Green_Party_2015_General_Election_Manifesto_Searchable.pdf,,,direct_download,51110,201505,For the common good. General election manifesto 2015,commondecency.org.uk,no,,mirror
manifestos/green/green-2017.pdf,pdf,green,Green Party of England and Wales,2017,,The Green Party for a confident and caring Britain,https://ucrel.lancs.ac.uk/wmatrix/ukmanifestos2017/localpdf/Green.pdf,,,direct_download,51110,201706,The Green Party for a confident and caring Britain,ucrel.lancs.ac.uk,no,,mirror
manifestos/green/green-2019.pdf,pdf,green,Green Party of England and Wales,2019,,"If not now, when?",https://lexically.net/downloads/elections/2019/Green%202019.pdf,,,direct_download,51110,201912,"If not now, when?",lexically.net,no,,mirror
manifestos/green/green-2024.pdf,pdf,green,Green Party of England and Wales,2024,,"Real hope. Real change. Manifesto for a fairer, greener country.",https://greenparty.org.uk/app/uploads/2024/06/Green-Party-2024-General-Election-Manifesto-Long-version-with-cover.pdf,,,direct_download,51110,202407,"Real hope. Real change. Manifesto for a fairer, greener country.",greenparty.org.uk,yes,https://lexically.net/downloads/elections/2024/Green-Party-2024-General-Election-Manifesto-Long-version-with-cover.pdf,official
manifestos/alliance/alliance-1983.html,html,alliance,Social Democratic Party,1983,,Joint programme of the Liberal/SDP Alliance: Working Together for Britain,http://www.politicsresources.net/area/uk/man/all83.htm,https://web.archive.org/web/*/http://www.politicsresources.net/area/uk/man/all83.htm,,archive_copy,51330,198306,"Joint programme of The Liberal/SDP Alliance: ‘Working Together for Britain’, Liberal/SPD Alliance Manifesto, introduction by Jenkins and Steel.",www.politicsresources.net,no,,archive
manifestos/alliance/alliance-1983.html,html,alliance,Liberal Party,1983,,Joint programme of the Liberal/SDP Alliance: Working Together for Britain,http://www.politicsresources.net/area/uk/man/all83.htm,https://web.archive.org/web/*/http://www.politicsresources.net/area/uk/man/all83.htm,,archive_copy,51420,198306,"Joint programme of The Liberal/SDP Alliance: ‘Working Together for Britain’, Liberal/SPD Alliance Manifesto, introduction by Jenkins and Steel",www.politicsresources.net,no,,archive
manifestos/conservative/conservative-1945.html,html,conservative,Conservative Party,1945,,Mr Churchill's declaration of policy to the electors,http://www.politicsresources.net/area/uk/man/con45.htm,https://web.archive.org/web/*/http://www.politicsresources.net/area/uk/man/con45.htm,,archive_copy,51620,194507,Mr Churchill's declaration of policy to the electors,www.politicsresources.net,no,,archive
manifestos/conservative/conservative-1950.html,html,conservative,Conservative Party,1950,,This is the road: the Conservative and Unionist Party’s policy,http://www.politicsresources.net/area/uk/man/con50.htm,https://web.archive.org/web/*/http://www.politicsresources.net/area/uk/man/con50.htm,,archive_copy,51620,195002,This is the road: the Conservative and Unionist Party’s policy,www.politicsresources.net,no,,archive
manifestos/conservative/conservative-1951.html,html,conservative,Conservative Party,1951,,The manifesto of the Conservative and Unionist Party,http://www.politicsresources.net/area/uk/man/con51.htm,https://web.archive.org/web/*/http://www.politicsresources.net/area/uk/man/con51.htm,,archive_copy,51620,195110,The manifesto of the Conservative and Unionist Party,www.politicsresources.net,no,,archive
manifestos/conservative/conservative-1955.html,html,conservative,Conservative Party,1955,,"United for peace and progress, the Conservative and Unionist Party’s policy",http://www.politicsresources.net/area/uk/man/con55.htm,https://web.archive.org/web/*/http://www.politicsresources.net/area/uk/man/con55.htm,,archive_copy,51620,195505,"United for peace and progress, the Conservative and Unionist Party’s policy",www.politicsresources.net,no,,archive
manifestos/conservative/conservative-1959.html,html,conservative,Conservative Party,1959,,"The next five years, the Conservative and Unionist Party’s policy",http://www.politicsresources.net/area/uk/man/con59.htm,https://web.archive.org/web/*/http://www.politicsresources.net/area/uk/man/con59.htm,,archive_copy,51620,195910,"The next five years, the Conservative and Unionist Party’s policy",www.politicsresources.net,no,,archive
manifestos/conservative/conservative-1964.html,html,conservative,Conservative Party,1964,,"‘Prosperity with a Purpose’, Conservative and Unionist Party’s Policy",http://www.politicsresources.net/area/uk/man/con64.htm,https://web.archive.org/web/*/http://www.politicsresources.net/area/uk/man/con64.htm,,archive_copy,51620,196410,"‘Prosperity with a Purpose’, Conservative and Unionist Party’s Policy",www.politicsresources.net,no,,archive
manifestos/conservative/conservative-1966.html,html,conservative,Conservative Party,1966,,Action not Words: New Conservative Programme,http://www.politicsresources.net/area/uk/man/con66.htm,https://web.archive.org/web/*/http://www.politicsresources.net/area/uk/man/con66.htm,,archive_copy,51620,196603,Action not Words: New Conservative Programme,www.politicsresources.net,no,,archive
manifestos/conservative/conservative-1970.html,html,conservative,Conservative Party,1970,,A Better Tomorrow,http://www.politicsresources.net/area/uk/man/con70.htm,https://web.archive.org/web/*/http://www.politicsresources.net/area/uk/man/con70.htm,,archive_copy,51620,197006,A Better Tomorrow,www.politicsresources.net,no,,archive
manifestos/conservative/conservative-1974-feb.html,html,conservative,Conservative Party,1974,feb,Firm Action for a Fair Britain,http://www.politicsresources.net/area/uk/man/con74feb.htm,https://web.archive.org/web/*/http://www.politicsresources.net/area/uk/man/con74feb.htm,,archive_copy,51620,197402,Firm Action for a Fair Britain,www.politicsresources.net,no,,archive
manifestos/conservative/conservative-1974-oct.html,html,conservative,Conservative Party,1974,oct,Putting Britain First,http://www.politicsresources.net/area/uk/man/con74oct.htm,https://web.archive.org/web/*/http://www.politicsresources.net/area/uk/man/con74oct.htm,,archive_copy,51620,197410,Putting Britain First,www.politicsresources.net,no,,archive
manifestos/conservative/conservative-1979.html,html,conservative,Conservative Party,1979,,"The Conservative Manifesto 1979,",http://www.politicsresources.net/area/uk/man/con79.htm,https://web.archive.org/web/*/http://www.politicsresources.net/area/uk/man/con79.htm,,archive_copy,51620,197905,"The Conservative Manifesto 1979,",www.politicsresources.net,no,,archive
manifestos/conservative/conservative-1983.html,html,conservative,Conservative Party,1983,,The challenge of our times,http://www.politicsresources.net/area/uk/man/con83.htm,https://web.archive.org/web/*/http://www.politicsresources.net/area/uk/man/con83.htm,,archive_copy,51620,198306,The challenge of our times,www.politicsresources.net,no,,archive
manifestos/conservative/conservative-1987.html,html,conservative,Conservative Party,1987,,The next moves forward,http://www.politicsresources.net/area/uk/man/con87.htm,https://web.archive.org/web/*/http://www.politicsresources.net/area/uk/man/con87.htm,,archive_copy,51620,198706,The next moves forward,www.politicsresources.net,no,,archive
manifestos/conservative/conservative-1992.html,html,conservative,Conservative Party,1992,,The best future for Britain,http://www.politicsresources.net/area/uk/man/con92.htm,https://web.archive.org/web/*/http://www.politicsresources.net/area/uk/man/con92.htm,,archive_copy,51620,199204,The best future for Britain,www.politicsresources.net,no,,archive
manifestos/labour/labour-1945.html,html,labour,Labour Party,1945,,Let us face the future: a declaration of Labour policy for the consideration of the nation,http://www.politicsresources.net/area/uk/man/lab45.htm,https://web.archive.org/web/*/http://www.politicsresources.net/area/uk/man/lab45.htm,,archive_copy,51320,194507,Let us face the future: a declaration of Labour policy for the consideration of the nation,www.politicsresources.net,no,,archive
manifestos/labour/labour-1950.html,html,labour,Labour Party,1950,,Let us win through together: a declaration of Labour policy for the consideration of the nation,http://www.politicsresources.net/area/uk/man/lab50.htm,https://web.archive.org/web/*/http://www.politicsresources.net/area/uk/man/lab50.htm,,archive_copy,51320,195002,Let us win through together: a declaration of Labour policy for the consideration of the nation,www.politicsresources.net,no,,archive
manifestos/labour/labour-1951.html,html,labour,Labour Party,1951,,The Labour party election manifesto,http://www.politicsresources.net/area/uk/man/lab51.htm,https://web.archive.org/web/*/http://www.politicsresources.net/area/uk/man/lab51.htm,,archive_copy,51320,195110,The Labour party election manifesto,www.politicsresources.net,no,,archive
manifestos/labour/labour-1955.html,html,labour,Labour Party,1955,,Forward with Labour: Labour’s policy for the consideration of the nation,http://www.politicsresources.net/area/uk/man/lab55.htm,https://web.archive.org/web/*/http://www.politicsresources.net/area/uk/man/lab55.htm,,archive_copy,51320,195505,Forward with Labour: Labour’s policy for the consideration of the nation,www.politicsresources.net,no,,archive
manifestos/labour/labour-1959.html,html,labour,Labour Party,1959,,Britain belongs to you. The Labour Party policy for the consideration of the nation,http://www.politicsresources.net/area/uk/man/lab59.htm,https://web.archive.org/web/*/http://www.politicsresources.net/area/uk/man/lab59.htm,,archive_copy,51320,195910,Britain belongs to you. The Labour Party policy for the consideration of the nation,www.politicsresources.net,no,,archive
manifestos/labour/labour-1964.html,html,labour,Labour Party,1964,,Let’s Go With Labour for the New Britain,http://www.politicsresources.net/area/uk/man/lab64.htm,https://web.archive.org/web/*/http://www.politicsresources.net/area/uk/man/lab64.htm,,archive_copy,51320,196410,Let’s Go With Labour for the New Britain,www.politicsresources.net,no,,archive
manifestos/labour/labour-1966.html,html,labour,Labour Party,1966,,Time for Decision,http://www.politicsresources.net/area/uk/man/lab66.htm,https://web.archive.org/web/*/http://www.politicsresources.net/area/uk/man/lab66.htm,,archive_copy,51320,196603,Time for Decision,www.politicsresources.net,no,,archive
manifestos/labour/labour-1970.html,html,labour,Labour Party,1970,,Now Britain’s Strong - Let’s Make it Great to Live In,http://www.politicsresources.net/area/uk/man/lab70.htm,https://web.archive.org/web/*/http://www.politicsresources.net/area/uk/man/lab70.htm,,archive_copy,51320,197006,Now Britain’s Strong - Let’s Make it Great to Live In,www.politicsresources.net,no,,archive
manifestos/labour/labour-1974-feb.html,html,labour,Labour Party,1974,feb,Let us Work Together - Labour’s Way Out of the Crisis,http://www.politicsresources.net/area/uk/man/lab74feb.htm,https://web.archive.org/web/*/http://www.politicsresources.net/area/uk/man/lab74feb.htm,,archive_copy,51320,197402,Let us Work Together - Labour’s Way Out of the Crisis,www.politicsresources.net,no,,archive
manifestos/labour/labour-1974-oct.html,html,labour,Labour Party,1974,oct,Britain Will Win With Labour,http://www.politicsresources.net/area/uk/man/lab74oct.htm,https://web.archive.org/web/*/http://www.politicsresources.net/area/uk/man/lab74oct.htm,,archive_copy,51320,197410,Britain Will Win With Labour,www.politicsresources.net,no,,archive
manifestos/labour/labour-1979.html,html,labour,Labour Party,1979,,The Labour Way is the Better Way,http://www.politicsresources.net/area/uk/man/lab79.htm,https://web.archive.org/web/*/http://www.politicsresources.net/area/uk/man/lab79.htm,,archive_copy,51320,197905,The Labour Way is the Better Way,www.politicsresources.net,no,,archive
manifestos/labour/labour-1983.html,html,labour,Labour Party,1983,,The new hope for Britain,http://www.politicsresources.net/area/uk/man/lab83.htm,https://web.archive.org/web/*/http://www.politicsresources.net/area/uk/man/lab83.htm,,archive_copy,51320,198306,The new hope for Britain,www.politicsresources.net,no,,archive
manifestos/labour/labour-1987.html,html,labour,Labour Party,1987,,Britain will win,http://www.politicsresources.net/area/uk/man/lab87.htm,https://web.archive.org/web/*/http://www.politicsresources.net/area/uk/man/lab87.htm,,archive_copy,51320,198706,Britain will win,www.politicsresources.net,no,,archive
manifestos/labour/labour-1992.html,html,labour,Labour Party,1992,,It’s time to get Britain working again,http://www.politicsresources.net/area/uk/man/lab92.htm,https://web.archive.org/web/*/http://www.politicsresources.net/area/uk/man/lab92.htm,,archive_copy,51320,199204,It’s time to get Britain working again,www.politicsresources.net,no,,archive
manifestos/libdem/libdem-1992.html,html,libdem,Liberal Democrats,1992,,Changing Britain for Good,http://www.politicsresources.net/area/uk/man/libdem92.htm,https://web.archive.org/web/*/http://www.politicsresources.net/area/uk/man/libdem92.htm,,archive_copy,51421,199204,Changing Britain for Good,www.politicsresources.net,no,,archive
manifestos/liberal/liberal-1945.html,html,liberal,Liberal Party,1945,,20-point manifesto of the Liberal Party,http://www.politicsresources.net/area/uk/man/lib45.htm,https://web.archive.org/web/*/http://www.politicsresources.net/area/uk/man/lib45.htm,,archive_copy,51420,194507,20-point manifesto of the Liberal Party,www.politicsresources.net,no,,archive
manifestos/liberal/liberal-1950.html,html,liberal,Liberal Party,1950,,No easy way: Britain’s problems and the liberal answers,http://www.politicsresources.net/area/uk/man/lib50.htm,https://web.archive.org/web/*/http://www.politicsresources.net/area/uk/man/lib50.htm,,archive_copy,51420,195002,No easy way: Britain’s problems and the liberal answers,www.politicsresources.net,no,,archive
manifestos/liberal/liberal-1951.html,html,liberal,Liberal Party,1951,,The nation’s task,http://www.politicsresources.net/area/uk/man/lib51.htm,https://web.archive.org/web/*/http://www.politicsresources.net/area/uk/man/lib51.htm,,archive_copy,51420,195110,The nation’s task,www.politicsresources.net,no,,archive
manifestos/liberal/liberal-1955.html,html,liberal,Liberal Party,1955,,Crisis unresolved,http://www.politicsresources.net/area/uk/man/lib55.htm,https://web.archive.org/web/*/http://www.politicsresources.net/area/uk/man/lib55.htm,,archive_copy,51420,195505,Crisis unresolved,www.politicsresources.net,no,,archive
manifestos/liberal/liberal-1959.html,html,liberal,Liberal Party,1959,,People count,http://www.politicsresources.net/area/uk/man/lib59.htm,https://web.archive.org/web/*/http://www.politicsresources.net/area/uk/man/lib59.htm,,archive_copy,51420,195910,People count,www.politicsresources.net,no,,archive
manifestos/liberal/liberal-1964.html,html,liberal,Liberal Party,1964,,Think for Yourself - Vote Liberal,http://www.politicsresources.net/area/uk/man/lib64.htm,https://web.archive.org/web/*/http://www.politicsresources.net/area/uk/man/lib64.htm,,archive_copy,51420,196410,Think for Yourself - Vote Liberal,www.politicsresources.net,no,,archive
manifestos/liberal/liberal-1966.html,html,liberal,Liberal Party,1966,,For all the People: The Liberal Plan of 1966,http://www.politicsresources.net/area/uk/man/lib66.htm,https://web.archive.org/web/*/http://www.politicsresources.net/area/uk/man/lib66.htm,,archive_copy,51420,196603,For all the People: The Liberal Plan of 1966,www.politicsresources.net,no,,archive
manifestos/liberal/liberal-1970.html,html,liberal,Liberal Party,1970,,What a Life!,http://www.politicsresources.net/area/uk/man/lib70.htm,https://web.archive.org/web/*/http://www.politicsresources.net/area/uk/man/lib70.htm,,archive_copy,51420,197006,What a Life!,www.politicsresources.net,no,,archive
manifestos/liberal/liberal-1974-feb.html,html,liberal,Liberal Party,1974,feb,Change the Face of Britain,http://www.politicsresources.net/area/uk/man/lib74feb.htm,https://web.archive.org/web/*/http://www.politicsresources.net/area/uk/man/lib74feb.htm,,archive_copy,51420,197402,Change the Face of Britain,www.politicsresources.net,no,,archive
manifestos/liberal/liberal-1974-oct.html,html,liberal,Liberal Party,1974,oct,Why Britain Needs Liberal Government,http://www.politicsresources.net/area/uk/man/lib74oct.htm,https://web.archive.org/web/*/http://www.politicsresources.net/area/uk/man/lib74oct.htm,,archive_copy,51420,197410,Why Britain Needs Liberal Government,www.politicsresources.net,no,,archive
manifestos/liberal/liberal-1979.html,html,liberal,Liberal Party,1979,,The Real Fight is for Britain,http://www.politicsresources.net/area/uk/man/lib79.htm,https://web.archive.org/web/*/http://www.politicsresources.net/area/uk/man/lib79.htm,,archive_copy,51420,197905,The Real Fight is for Britain,www.politicsresources.net,no,,archive
manifestos/liberal/liberal-1987.html,html,liberal,Social Democratic Party,1987,,Joint programme of The Liberal/SDP Alliance: Britain United ‘The Time Has Come’,http://www.politicsresources.net/area/uk/man/lib87.htm,https://web.archive.org/web/*/http://www.politicsresources.net/area/uk/man/lib87.htm,,archive_copy,51330,198706,Joint programme of The Liberal/SDP Alliance: Britain United ‘The Time Has Come’,www.politicsresources.net,no,,archive
manifestos/liberal/liberal-1987.html,html,liberal,Liberal Party,1987,,Joint programme of The Liberal/SDP Alliance: Britain United ‘The Time Has Come’,http://www.politicsresources.net/area/uk/man/lib87.htm,https://web.archive.org/web/*/http://www.politicsresources.net/area/uk/man/lib87.htm,,archive_copy,51420,198706,Joint programme of The Liberal/SDP Alliance: Britain United ‘The Time Has Come’,www.politicsresources.net,no,,archive
manifestos/labour/labour-2005.pdf,pdf,labour,Labour Party,2005,,Britain forward not back,http://www.politicsresources.net/area/uk/ge05/man/lab/manifesto.pdf,https://web.archive.org/web/20150324210303/http://www.politicsresources.net/area/uk/ge05/man/lab/manifesto.pdf,,archive_copy,51320,200505,Britain forward not back,www.politicsresources.net,no,,archive
manifestos/labour/labour-2010.pdf,pdf,labour,Labour Party,2010,,A future fair for all,,,,preexisting_or_unknown,51320,201005,A future fair for all,,no,,unknown
manifestos/labour/labour-2015.pdf,pdf,labour,Labour Party,2015,,Britain can be better. The Labour Party Manifesto 2015,https://lexically.net/downloads/elections/2015_election/LabourPartyManifesto2015.pdf,,,direct_download,51320,201505,Britain can be better. The Labour Party Manifesto 2015,lexically.net,no,,mirror
manifestos/labour/labour-2017.pdf,pdf,labour,Labour Party,2017,,For the many not the few. The Labour Party manifesto 2017,https://lexically.net/downloads/elections/2017_election/Labour%20Manifesto%202017.pdf,,,direct_download,51320,201706,For the many not the few. The Labour Party manifesto 2017,lexically.net,no,,mirror
manifestos/labour/labour-2019.pdf,pdf,labour,Labour Party,2019,,It's time for real change ,https://lexically.net/downloads/elections/2019/Labour%202019.pdf,,,direct_download,51320,201912,It's time for real change ,lexically.net,no,,mirror
manifestos/labour/labour-2024.pdf,pdf,labour,Labour Party,2024,,Change Labour Party Manifesto 2024,https://labour.org.uk/wp-content/uploads/2024/06/Change-Labour-Party-Manifesto-2024-large-print.pdf,,,direct_download,51320,202407,Change. Labour Party manifesto 2023,labour.org.uk,yes,https://lexically.net/downloads/elections/2024/Labour-Party-manifesto-2024.pdf,official
manifestos/libdem/libdem-2010.txt,txt,libdem,Liberal Democrats,2010,,Change that works for you - building a fairer Britain,https://lexically.net/downloads/elections/2010_election/LibDem.txt,,,direct_download,51421,201005,Change that works for you - building a fairer Britain,lexically.net,no,,mirror
manifestos/libdem/libdem-2015.pdf,pdf,libdem,Liberal Democrats,2015,,Manifesto 2015. Stronger Economy. Fairer Society. Opportunity for Everyone.,https://lexically.net/downloads/elections/2015_election/Liberal_Democrat_General_Election_Manifesto_2015.pdf,,,direct_download,51421,201505,Manifesto 2015. Stronger Economy. Fairer Society. Opportunity for Everyone.,lexically.net,no,,mirror
manifestos/libdem/libdem-2017.pdf,pdf,libdem,Liberal Democrats,2017,,Change Britain´s future. Liberal Democrat manifesto 2017,https://www.libdems.org.uk/fileadmin/groups/2_Federal_Party/Documents/PolicyPapers/2017_General_Election_Manifesto__2017_.pdf,,,direct_download,51421,201706,Change Britain´s future. Liberal Democrat manifesto 2017,www.libdems.org.uk,yes,https://lexically.net/downloads/elections/2017_election/lib%20dem%20manifesto%202017.pdf,official
manifestos/libdem/libdem-2019.pdf,pdf,libdem,Liberal Democrats,2019,,Stop Brexit. Build a brighter future,https://www.libdems.org.uk/fileadmin/groups/2_Federal_Party/Documents/PolicyPapers/2019_General_Election_Manifesto__2019__Stop_Brexit_and_Build_a_Brighter_Future.pdf,,,direct_download,51421,201912,Stop Brexit. Build a brighter future,www.libdems.org.uk,yes,https://lexically.net/downloads/elections/2019/Libdem%202019%20Stop_Brexit_and_Build_a_Brighter_Future_EASYREAD.pdf,official
manifestos/libdem/libdem-2024.pdf,pdf,libdem,Liberal Democrats,2024,,For a fair deal. Manifesto 2024,https://www.libdems.org.uk/fileadmin/groups/2_Federal_Party/Documents/PolicyPapers/Manifesto_2024/For_a_Fair_Deal_-_Liberal_Democrat_Manifesto_2024.pdf,,,direct_download,51421,202407,For a fair deal. Manifesto 2024,www.libdems.org.uk,yes,https://lexically.net/downloads/elections/2024/For_a_Fair_Deal_-_Liberal_Democrat_Manifesto_2024.pdf,official
manifestos/alliance/alliance-2019.pdf,pdf,alliance,Alliance Party of Northern Ireland,2019,,Demand better.,https://cain.ulster.ac.uk/issues/politics/docs/apni/apni_2019-11-25_ge-man.pdf,,,direct_download,51430,201912,Demand better.,cain.ulster.ac.uk,no,,mirror
manifestos/dup/dup-1997.html,html,dup,Democratic Unionist Party,1997,,Estimate,http://www.politicsresources.net/area/uk/man/dup97.htm,https://web.archive.org/web/20150325004306/http://www.politicsresources.net/area/uk/man/dup97.htm,,archive_copy,51903,199705,Estimate,www.politicsresources.net,no,,archive
manifestos/dup/dup-2001.pdf,pdf,dup,Democratic Unionist Party,2001,,Leadership to put things right!,https://cain.ulster.ac.uk/issues/politics/docs/dup/dup01.pdf,,,direct_download,51903,200106,Leadership to put things right!,cain.ulster.ac.uk,no,,mirror
manifestos/dup/dup-2015.pdf,pdf,dup,Democratic Unionist Party,2015,,The Northern Ireland Plan,https://cain.ulster.ac.uk/issues/politics/docs/dup/dup_2015-04-21_ge_man.pdf,,,direct_download,51903,201505,The Northern Ireland Plan,cain.ulster.ac.uk,no,,mirror
manifestos/dup/dup-2017.pdf,pdf,dup,Democratic Unionist Party,2017,,Standing strong for Northern Ireland. The DUP manifesto for the 2017 Westminster election,https://cain.ulster.ac.uk/issues/politics/docs/dup/dup_2017-05-31_ge-man.pdf,,,direct_download,51903,201706,Standing strong for Northern Ireland. The DUP manifesto for the 2017 Westminster election,cain.ulster.ac.uk,no,,mirror
manifestos/dup/dup-2019.pdf,pdf,dup,Democratic Unionist Party,2019,,Let's get the UK moving again,https://cain.ulster.ac.uk/issues/politics/docs/dup/dup_2019-11-28_ge-man.pdf,,,direct_download,51903,201912,Let's get the UK moving again,cain.ulster.ac.uk,no,,mirror
manifestos/dup/dup-2024.pdf,pdf,dup,Democratic Unionist Party,2024,,Speaking up for Northern Ireland. Working and winning for you,https://s3.eu-west-1.amazonaws.com/my-dup/2024-Manifesto-Final.pdf,,,direct_download,51903,202407,Speaking up for Northern Ireland. Working and winning for you,s3.eu-west-1.amazonaws.com,yes,https://cain.ulster.ac.uk/issues/politics/docs/dup/dup_2024-07-04_ge_man.pdf,official
manifestos/sdlp/sdlp-2015.pdf,pdf,sdlp,Social Democratic and Labour Party,2015,,Prosperity not austerity. SDLP Westminster Manifesto 2015,https://cain.ulster.ac.uk/issues/politics/docs/sdlp/sdlp_2015-04-15_ge_man.pdf,,,direct_download,51340,201505,Prosperity not austerity. SDLP Westminster Manifesto 2015,cain.ulster.ac.uk,no,,mirror
manifestos/sdlp/sdlp-2019.pdf,pdf,sdlp,Social Democratic and Labour Party,2019,,"Stop Boris, stop Brexit",https://cain.ulster.ac.uk/issues/politics/docs/sdlp/sdlp_2019-12-04_ge-man.pdf,,,direct_download,51340,201912,"Stop Boris, stop Brexit",cain.ulster.ac.uk,no,,mirror
manifestos/sdlp/sdlp-2024.pdf,pdf,sdlp,Social Democratic and Labour Party,2024,,SDLP manifesto. Westminster 2024,https://cain.ulster.ac.uk/issues/politics/docs/sdlp/sdlp_2024-07-04_ge_man.pdf,,,direct_download,51340,202407,SDLP manifesto. Westminster 2024,cain.ulster.ac.uk,no,,mirror
manifestos/sinn-fein/sinn-fein-1997.html,html,sinn-fein,Sinn Féin,1997,,Estimate,http://www.politicsresources.net/area/uk/man/sinnf97.htm,https://web.archive.org/web/20150325004306/http://www.politicsresources.net/area/uk/man/sinnf97.htm,,archive_copy,51210,199705,Estimate,www.politicsresources.net,no,,archive
manifestos/sinn-fein/sinn-fein-2001.pdf,pdf,sinn-fein,Sinn Féin,2001,,Building an Ireland of equals,https://cain.ulster.ac.uk/issues/politics/docs/sf/sf01.pdf,,,direct_download,51210,200106,Building an Ireland of equals,cain.ulster.ac.uk,no,,mirror
manifestos/sinn-fein/sinn-fein-2015.pdf,pdf,sinn-fein,Sinn Féin,2015,,Equality not austerity Comhionannas ní déine. Sinn Féin 2015 Westminster election manifesto,https://cain.ulster.ac.uk/issues/politics/docs/sf/sf_2015-04-20_ge_man.pdf,,,direct_download,51210,201505,Equality not austerity Comhionannas ní déine. Sinn Féin 2015 Westminster election manifesto,cain.ulster.ac.uk,no,,mirror
manifestos/sinn-fein/sinn-fein-2017.pdf,pdf,sinn-fein,Sinn Féin,2017,,Sinn Féin. Westminster election manifesto 2017. No Brexit. No border. No Tory cuts,https://cain.ulster.ac.uk/issues/politics/docs/sf/sf_2017-05-22_ge-man.pdf,,,direct_download,51210,201706,Sinn Féin. Westminster election manifesto 2017. No Brexit. No border. No Tory cuts,cain.ulster.ac.uk,no,,mirror
manifestos/sinn-fein/sinn-fein-2019.pdf,pdf,sinn-fein,Sinn Féin,2019,,Time for unity,https://cain.ulster.ac.uk/issues/politics/docs/sf/sf_2019-12-02_ge-man.pdf,,,direct_download,51210,201912,Time for unity,cain.ulster.ac.uk,no,,mirror
manifestos/tuv/tuv-2024.pdf,pdf,tuv,Traditional Unionist Voice,2024,,Restore the Union. TUV manifesto 2024,https://cain.ulster.ac.uk/issues/politics/docs/tuv/tuv_2024-07-04_ge_man.pdf,,,direct_download,51904,202407,Restore the Union. TUV manifesto 2024,cain.ulster.ac.uk,no,,mirror
manifestos/uup/uup-1997.html,html,uup,Ulster Unionist Party,1997,,Estimate,http://www.politicsresources.net/area/uk/man/uu97.htm,https://web.archive.org/web/20150325004306/http://www.politicsresources.net/area/uk/man/uu97.htm,,archive_copy,51621,199705,Estimate,www.politicsresources.net,no,,archive
manifestos/uup/uup-2001.pdf,pdf,uup,Ulster Unionist Party,2001,,"Don't turn back the clock, don't let them wreck it - Ulster Unionist Party manifesto 2001",https://cain.ulster.ac.uk/issues/politics/docs/uup/uup01.pdf,,,direct_download,51621,200106,"Don't turn back the clock, don't let them wreck it - Ulster Unionist Party manifesto 2001",cain.ulster.ac.uk,no,,mirror
manifestos/uup/uup-2015.pdf,pdf,uup,Ulster Unionist Party,2015,,"One day, one vote, one chance for change. Westminster Manifesto 2015",https://cain.ulster.ac.uk/issues/politics/docs/uup/uup_2015-04_ge_man.pdf,,,direct_download,51621,201505,"One day, one vote, one chance for change. Westminster Manifesto 2015",cain.ulster.ac.uk,no,,mirror
manifestos/uup/uup-2024.pdf,pdf,uup,Ulster Unionist Party,2024,,Making Northern Ireland work. Vote for change. Vote Ulster Unionist. 2024 Westminster manifesto,https://assets.nationbuilder.com/uup/pages/40/attachments/original/1719233594/General_Election_Manifesto_2024-compressed.pdf?1719233594,,,direct_download,51621,202407,Making Northern Ireland work. Vote for change. Vote Ulster Unionist. 2024 Westminster manifesto,assets.nationbuilder.com,yes,https://cain.ulster.ac.uk/issues/politics/docs/uup/uup_2024-07-04_ge_man.pdf,official
manifestos/plaid/plaid-2010.txt,txt,plaid,Plaid Cymru,2010,,Plaid 2010,https://lexically.net/downloads/elections/2010_election/Plaid.txt,,,direct_download,,,,lexically.net,no,,mirror
manifestos/plaid/plaid-2015.pdf,pdf,plaid,Plaid Cymru,2015,,Working for Wales. 2015 Westminster Election Manifesto,https://assets.nationbuilder.com/plaid2016/pages/12303/attachments/original/1721048137/2015_Westminster_Election_Manifesto.pdf?1721048137,,,direct_download,51901,201505,Working for Wales. 2015 Westminster Election Manifesto,assets.nationbuilder.com,yes,https://lexically.net/downloads/elections/2015_election/Plaid_Cymru_2015_Westminster_Manifesto.pdf,official
manifestos/plaid/plaid-2017.pdf,pdf,plaid,Plaid Cymru,2017,,Tarian Cymru. Plaid Cumru. Defending Wales. Action Plan 2017,https://assets.nationbuilder.com/plaid2016/pages/12303/attachments/original/1721048144/2017_Wesminster_Election_Manifesto_-_Bilingual.pdf?1721048144,,,direct_download,51901,201706,Tarian Cymru. Plaid Cumru. Defending Wales. Action Plan 2017,assets.nationbuilder.com,yes,https://lexically.net/downloads/elections/2017_election/Plaid_Cymru_2017_Action_Plan.pdf,official
manifestos/plaid/plaid-2019.pdf,pdf,plaid,Plaid Cymru,2019,,"Wales, it's us",https://assets.nationbuilder.com/plaid2016/pages/12303/attachments/original/1721048148/2019_Westminster_Election_Manifesto.pdf?1721048148,,,direct_download,51901,201912,"Wales, it's us",assets.nationbuilder.com,yes,https://lexically.net/downloads/elections/2019/PlaidCymru%202019.pdf,official
manifestos/plaid/plaid-2024.pdf,pdf,plaid,Plaid Cymru,2024,,"For fairness, for ambition, for Wales. Plaid Cymru manifesto for the Westminster general election 2024",https://assets.nationbuilder.com/plaid2016/pages/10962/attachments/original/1718214059/Plaid_Cymru_Maniffesto_2024_ENGLISH.pdf?1718214059=,,,direct_download,51901,202407,"For fairness, for ambition, for Wales. Plaid Cymru manifesto for the Westminster general election 2024",assets.nationbuilder.com,yes,https://lexically.net/downloads/elections/2024/Plaid_Cymru_Maniffesto_2024_ENGLISH.pdf,official
manifestos/reform/reform-2024.pdf,pdf,reform,Reform UK,2024,,Our contract with you,https://lexically.net/downloads/elections/2024/Reform_UK_Contract_With_The_People.pdf,,,direct_download,51701,202407,Our contract with you,lexically.net,no,,mirror
manifestos/sinn-fein/sinn-fein-2024.pdf,pdf,sinn-fein,Sinn Féin,2024,,Strong leadership. Positive change. Westminster election 2024. Sinn féin manifesto,https://friendsofsinnfein.com/wp-content/uploads/2024/06/Sinn-Fein-Westminster-Election-Manifesto-2024.pdf,,,direct_download,51210,202407,Strong leadership. Positive change. Westminster election 2024. Sinn féin manifesto,friendsofsinnfein.com,yes,,official
manifestos/snp/snp-1997.pdf,pdf,snp,Scottish National Party,1997,,Yes we can win the best for Scotland,http://www.politicsresources.net/area/uk/ge97/man/snp97.pdf,https://web.archive.org/web/20150325004306/http://www.politicsresources.net/area/uk/ge97/man/snp97.pdf,,archive_copy,51902,199705,Yes we can win the best for Scotland,www.politicsresources.net,no,,archive
manifestos/snp/snp-2001.pdf,pdf,snp,Scottish National Party,2001,,Heart of the manifesto 2001,http://www.politicsresources.net/area/uk/e01/man/snpman01.pdf,https://web.archive.org/web/20120120020008/http://politicsresources.net/area/uk/e01/man/snpman01.pdf,,archive_copy,51902,200106,Heart of the manifesto 2001,www.politicsresources.net,no,,archive
manifestos/snp/snp-2010.txt,txt,snp,Scottish National Party,2010,,Snp 2010,https://lexically.net/downloads/elections/2010_election/SNP.txt,,,direct_download,,,,lexically.net,no,,mirror
manifestos/snp/snp-2015.pdf,pdf,snp,Scottish National Party,2015,,Stronger for Scotland. SNP Manifesto 2015,https://lexically.net/downloads/elections/2015_election/snp_main_manifesto.pdf,,,direct_download,51902,201505,Stronger for Scotland. SNP Manifesto 2015,lexically.net,no,,mirror
manifestos/snp/snp-2017.pdf,pdf,snp,Scottish National Party,2017,,Stronger for Scotland. Manifesto 2017,https://ucrel.lancs.ac.uk/wmatrix/ukmanifestos2017/localpdf/SNP.pdf,,,direct_download,51902,201706,Stronger for Scotland. Manifesto 2017,ucrel.lancs.ac.uk,no,,mirror
manifestos/snp/snp-2019.pdf,pdf,snp,Scottish National Party,2019,,Strong for Scotland,https://lexically.net/downloads/elections/2019/SNP%202019.pdf,,,direct_download,51902,201912,Strong for Scotland,lexically.net,no,,mirror
manifestos/snp/snp-2024.pdf,pdf,snp,Scottish National Party,2024,,“A future made in Scotland.”,https://lexically.net/downloads/elections/2024/SNP-UK-Election-Manifesto-2024.pdf,,,direct_download,51902,202407,“A future made in Scotland.”,lexically.net,no,,mirror
manifestos/ukip/ukip-2010.txt,txt,ukip,United Kingdom Independence Party,2010,,Ukip 2010,https://lexically.net/downloads/elections/2010_election/UKIP.txt,,,direct_download,,,,lexically.net,no,,mirror
manifestos/ukip/ukip-2015.pdf,pdf,ukip,United Kingdom Independence Party,2015,,Believe in Britain. UKIP Manifesto 2015,https://lexically.net/downloads/elections/2015_election/UKIPManifesto2015.pdf,,,direct_download,51951,201505,Believe in Britain. UKIP Manifesto 2015,lexically.net,no,,mirror
manifestos/ukip/ukip-2017.pdf,pdf,ukip,United Kingdom Independence Party,2017,,Britain Together. UKIP 2017 manifesto,https://lexically.net/downloads/elections/2017_election/UKIP_Manifesto_June2017opt.pdf,,,direct_download,51951,201706,Britain Together. UKIP 2017 manifesto,lexically.net,no,,mirror
